{
  "dimensions": [
    1,
    2,
    3
  ],
  "variances": [
    8.41662883758545,
    14.940268516540527,
    6.842144966125488
  ],
  "cumulative_variance": [
    0.2787051498889923,
    0.7734317183494568,
    1.0
  ],
  "correlation_matrix": [
    [
      1.0,
      0.058403452215395245,
      -0.41672250239763503
    ],
    [
      0.05840345221539525,
      1.0,
      0.3847356978990161
    ],
    [
      -0.41672250239763503,
      0.3847356978990161,
      1.0
    ]
  ],
  "summary": {
    "active_dimensions": 3,
    "effective_dimensions": 3,
    "dimension_utilization": 1.0,
    "representation_efficiency": 1.0
  }
}