{
  "dimensions": [
    1,
    2,
    3
  ],
  "variances": [
    0.13693830370903015,
    0.639233410358429,
    0.01036377064883709
  ],
  "cumulative_variance": [
    0.17410315573215485,
    0.986823558807373,
    1.0
  ],
  "correlation_matrix": [
    [
      1.0,
      0.0013727819478756742,
      -0.7939352968230613
    ],
    [
      0.001372781947875674,
      1.0,
      0.11296068341040004
    ],
    [
      -0.7939352968230613,
      0.11296068341040004,
      1.0
    ]
  ],
  "summary": {
    "active_dimensions": 3,
    "effective_dimensions": 2,
    "dimension_utilization": 1.0,
    "representation_efficiency": 0.6666666666666666
  }
}