{
  "dimensions": [
    1,
    2,
    3
  ],
  "variances": [
    1.9592725038528442,
    3.195413112640381,
    1.9921759366989136
  ],
  "cumulative_variance": [
    0.2741444706916809,
    0.7212516069412231,
    1.0
  ],
  "correlation_matrix": [
    [
      1.0,
      -0.271307995338298,
      -0.3150123005796426
    ],
    [
      -0.271307995338298,
      1.0,
      -0.0267027922401792
    ],
    [
      -0.3150123005796426,
      -0.0267027922401792,
      0.9999999999999999
    ]
  ],
  "summary": {
    "active_dimensions": 3,
    "effective_dimensions": 3,
    "dimension_utilization": 1.0,
    "representation_efficiency": 1.0
  }
}