{
  "dimensions": [
    1,
    2,
    3
  ],
  "variances": [
    0.893837571144104,
    0.9392020106315613,
    0.7846117615699768
  ],
  "cumulative_variance": [
    0.3414655029773712,
    0.7002611756324768,
    1.0
  ],
  "correlation_matrix": [
    [
      1.0,
      -0.03887328759406515,
      -0.01398322473848787
    ],
    [
      -0.03887328759406515,
      1.0,
      0.002912877346829618
    ],
    [
      -0.01398322473848787,
      0.002912877346829618,
      1.0
    ]
  ],
  "summary": {
    "active_dimensions": 3,
    "effective_dimensions": 3,
    "dimension_utilization": 1.0,
    "representation_efficiency": 1.0
  }
}