{
  "dimensions": [
    1,
    2,
    3
  ],
  "variances": [
    15.671408653259277,
    4.433911323547363,
    10.059035301208496
  ],
  "cumulative_variance": [
    0.5195339918136597,
    0.6665257215499878,
    1.0
  ],
  "correlation_matrix": [
    [
      1.0,
      0.017995614184090777,
      0.018410692424769882
    ],
    [
      0.017995614184090777,
      1.0,
      0.045794770070200164
    ],
    [
      0.018410692424769882,
      0.045794770070200164,
      0.9999999999999999
    ]
  ],
  "summary": {
    "active_dimensions": 3,
    "effective_dimensions": 3,
    "dimension_utilization": 1.0,
    "representation_efficiency": 1.0
  }
}