sample_size,test_type,method,n_tests,rejection_rate,statistical_power,median_pvalue,mean_distance,std_distance,cv_distance
100,gower,equiprobable,6,0.0,0.0,0.72,0.1278650424660174,0.0021542171838214606,0.0168475850965598
100,sliced_wasserstein,equiprobable,6,1.0,1.0,1e-10,0.4364240772188594,0.07974144377498958,0.18271550067344378
400,gower,equiprobable,6,0.16666666666666666,0.16666666666666666,0.63,0.13025184856446778,0.005584146665160008,0.0428719187228744
400,sliced_wasserstein,equiprobable,6,1.0,1.0,1e-10,0.3412348835886843,0.06720523301997142,0.1969471359820846
900,gower,equiprobable,6,0.0,0.0,0.5,0.1290628751421029,0.0016329333574381408,0.012652231368937209
900,sliced_wasserstein,equiprobable,6,1.0,1.0,1e-10,0.2646631589245871,0.05977394088368059,0.22584911752191597
