{
  "dimensions": [
    1,
    2,
    3
  ],
  "variances": [
    1.817374348640442,
    0.9357253313064575,
    1.2089585065841675
  ],
  "cumulative_variance": [
    0.4586945176124573,
    0.6948660612106323,
    1.0
  ],
  "correlation_matrix": [
    [
      0.9999999999999999,
      0.47336794312863123,
      -0.49345355176992534
    ],
    [
      0.47336794312863123,
      1.0,
      -0.5150401331234017
    ],
    [
      -0.49345355176992534,
      -0.5150401331234017,
      1.0
    ]
  ],
  "summary": {
    "active_dimensions": 3,
    "effective_dimensions": 3,
    "dimension_utilization": 1.0,
    "representation_efficiency": 1.0
  }
}